po_external_id,po_name,ratingGroup,flat_rate,high_bandwidth,low_bandwidth,depleted,allocation_value,installer_id,family,bill_cycle_aligned
145001,PO_PPP_Basic_1,1000,personalizable,personalizable,,N/A,Default,personalizable,Basic,Yes
145002,PO_PPP_Basic_2,1000,personalizable,personalizable,,N/A,Default,personalizable,Basic,Yes
255001,PO_PPP_Bundle_1,1000,N/A,N/A,personalizable,Default,N/A,personalizable,Bundle-PostQuota,Yes
255002,PO_PPP_Bundle_2,1000,N/A,N/A,personalizable,Default,N/A,personalizable,Bundle-PostQuota,Yes
281007,PO_PPP_Tethering_HighSpeed,500,personalizable,personalizable,,N/A,Default,personalizable,Tethering,Yes
281008,PO_PPP_Tethering_Policy,500,N/A,N/A,personalizable,Default,N/A,personalizable,Tethering-PostQuota,Yes
160006,PO_PPP_Addon_160006,1000,N/A,personalizable,,N/A,Default,personalizable,Addon,Yes
155006,PO_PPP_OneTime_155006,1000,N/A,personalizable,,N/A,Default,personalizable,OneTime,No
156006,PO_PPP_FixedExpiry_156006,1000,N/A,personalizable,,N/A,Default,personalizable,FixedExpiry,No
150006,PO_PPP_Recurring_150006,1000,N/A,personalizable,,N/A,Default,personalizable,Recurring,Yes
160014,PO_PPP_TethAddon_160014,500,N/A,personalizable,,N/A,Default,personalizable,TethAddon,Yes
155014,PO_PPP_TethOneTime_155014,500,N/A,personalizable,,N/A,Default,personalizable,TethOneTime,No
156014,PO_PPP_TethFixedExpiry_156014,500,N/A,personalizable,,N/A,Default,personalizable,TethFixedExpiry,No
157006,PO_PPP_ToD_Limited_157006,1000,N/A,personalizable,,N/A,Default,personalizable,ToD-Limited,Yes
159006,PO_PPP_ToD_Unlimited_159006,1000,N/A,personalizable,,N/A,Default,personalizable,ToD-Unlimited,Yes
160906,PO_PPP_Addon_VIP_160906,1000,N/A,personalizable,,N/A,Default,personalizable,Addon-VIP,Yes
162006,PO_PPP_21M_Addon_1,1000,N/A,personalizable,,N/A,N/A,personalizable,21M-Addon,Yes
150014,PO_PPP_TethRecurring_150014,500,N/A,personalizable,,N/A,Default,personalizable,TethRecurring,Yes
281005,PO_PPP_MultiTier_QoS,1000,N/A,N/A,,N/A,Default,personalizable,Speed,Yes
281006,PO_PPP_Unlimited_Speed,1000,N/A,personalizable,,N/A,Default,personalizable,Speed,Yes
281014,PO_PPP_Unlimited_Teth_Speed,500,N/A,personalizable,,N/A,Default,personalizable,Speed,Yes
161006,PO_PPP_Carryover_1,1000,N/A,HIGH,,N/A,personalizable,OCSG/PAM,Carryover,Yes
